community,sbw25.cfu.24h,sbw25.cfu.96h,sbw25.cfu.7d,kt2440.cfu.24h,kt2440.cfu.96h,kt2440.cfu.7d
AE01,22653.08581,10645.9852,5806.874641,21923.95968,6011.335558,7598.634315
AE02,18928.79545,16212.80285,6407.928295,12930.36827,5721.17706,7382.965246
AE03,20336.84905,15528.74984,10000.63605,6950.923083,6011.335558,4774.244306
AE04,21579.85604,54792.11812,5067.332979,15038.13839,12577.89213,4993.336162
AE06,17708.24764,26890.59325,5806.874641,8029.303812,2183.859026,6734.534456
AE07,19631.11269,12834.5048,5067.332979,9530.253536,7454.880374,7598.634315
AE08,16671.02958,7478.097603,6106.399863,7814.078284,6878.821474,5866.322346
AE09,16498.99209,23252.33466,6559.42188,22752.63166,17622.93204,5648.553772
AE10,9201.84628,13724.81206,5657.886392,10170.77525,5139.20007,7598.634315
AE102,7478.097603,5657.886392,5067.332979,5866.322346,6300.979262,7454.880374
AE104,23552.74849,3726.622614,4103.915537,3006.231993,3080.544881,4554.781624
AE105,535485.6799,16441.70007,6660.682124,13985.71629,7167.064008,5139.20007
AE106,2893563.777,145578.4669,44418.54946,100593.7141,9458.988437,5721.17706
AE108,1201750.446,106362.9468,35125.79577,68829.97254,10312.90861,6300.979262
AE109,7323.865226,3170.387105,5067.332979,3228.974531,8029.303812,8888.142128
AE11,14285.28589,30596.91916,5956.382312,7382.965246,14266.63859,4334.928884
AE111,8412.345192,3914.653454,3726.622614,4334.928884,6011.335558,7454.880374
AE112,15813.28632,8307.812915,7632.761904,9530.253536,3672.804842,6300.979262
AE113,17534.79225,9573.49395,10484.13765,8244.317181,3377.153379,6734.534456
AE114,15131.58394,8517.05364,9043.184116,10596.96018,12013.16855,5430.475662
AE115,17534.79225,13278.64799,8099.283359,8459.124327,12577.89213,6950.923083
AE117,48704.94402,17824.01264,7323.865226,27291.54642,5139.20007,5212.074645
AE118,17534.79225,14172.94886,7478.097603,9957.437716,7742.28822,4334.928884
AE119,25548.29504,15756.32314,9680.042191,7814.078284,8888.142128,7814.078284
AE120,22473.72636,7067.789166,6559.42188,17135.05326,6300.979262,3672.804842
AE122,33165.51722,10862.3006,6863.826931,17135.05326,7454.880374,5648.553772
AE123,53513.22223,4294.367171,19983.55903,15458.33826,5430.475662,3228.974531
AE124,23552.74849,5460.060625,7478.097603,7598.634315,3080.544881,8029.303812
AE125,17534.79225,7891.47828,4198.995146,8673.730867,2782.879752,5648.553772
AE127,14961.79899,5460.060625,2806.655955,12507.35358,7167.064008,6950.923083
AE128,16843.30779,8307.812915,6256.918129,9957.437716,5430.475662,4993.336162
AE13,52707.6194,327286.6058,8255.613344,11871.8366,73726.49955,6517.889569
AE130,43371.77549,13278.64799,7787.851729,14407.02318,5139.20007,6950.923083
AE131,33165.51722,22772.76579,6407.928295,11447.46578,3967.581932,3006.231993
AE133,25913.45089,8099.283359,5657.886392,16297.48979,2183.859026,6734.534456
AE134,54118.50517,19689.79469,6711.390716,51449.40309,7742.28822,8673.730867
AE135,24457.08921,14848.7536,2142.117415,17971.11193,5721.17706,6083.793711
AE136,75201.58206,13056.32068,9201.84628,9102.363163,2782.879752,7814.078284
AE137,41029.09431,3354.438517,4056.486921,13141.6837,7742.28822,5866.322346
AE139,79439.65671,19221.00633,9201.84628,23786.91617,3377.153379,3893.965628
AE14,24275.85301,170474.9759,5657.886392,8244.317181,8602.217309,7814.078284
AE143,63303.97341,102537.255,5509.427505,24819.54752,48432.54498,5212.074645
AE144,16671.02958,7684.411542,6711.390716,8244.317181,5721.17706,9316.398776
AE145,16327.19715,14397.74266,3914.653454,10170.77525,8888.142128,7167.064008
AE146,47909.61475,148043.8137,5361.508347,13985.71629,6300.979262,4114.66479
AE147,46719.9721,24215.48157,6407.928295,22545.56939,7742.28822,6083.793711
AE149,190917.0172,27380.98446,8884.89798,13985.71629,10596.96018,4554.781624
AE15,10970.67816,50767.65139,2405.003393,6517.889569,25094.64624,6300.979262
AE150,144809.1995,158582.8979,8884.89798,13985.71629,59663.4254,6517.889569
AE151,73936.36031,134250.733,5214.139736,8244.317181,58330.80482,2108.584595
AE152,230715.9572,23733.24656,6660.682124,44399.19203,6590.133557,7454.880374
AE153,222137.8471,25183.8445,5657.886392,136446.5397,3080.544881,2183.859026
AE154,26645.84961,5856.653297,3726.622614,22131.23411,964.5194519,5430.475662
AE156,137223.634,26890.59325,11952.48698,33845.25981,4554.781624,4847.315232
AE157,349455.7816,11952.48698,44680.76879,78742.93439,4261.554343,2183.859026
AE158,44549.633,5856.653297,7272.551554,15248.2916,2484.035699,4261.554343
AE159,150360.1376,10000.63605,6256.918129,29550.30065,5721.17706,3377.153379
AE16,9520.279867,7067.789166,3914.653454,9957.437716,11164.23114,5866.322346
AE160,91033.31672,10430.2633,3170.387105,8244.317181,4554.781624,6011.335558
AE161,50100.99852,7067.789166,4678.686857,17971.11193,3672.804842,2484.035699
AE162,16498.99209,6660.682124,2806.655955,5430.475662,0,7742.28822
AE163,63097.77281,5460.060625,7067.789166,8888.142128,2183.859026,6878.821474
AE164,72674.06335,6256.918129,5657.886392,14617.50585,4261.554343,3080.544881
AE165,830553.0834,16212.80285,8937.617946,93135.08259,2782.879752,2484.035699
AE166,82424.73409,8937.617946,10215.14385,15038.13839,1578.64366,3377.153379
AE167,23913.93068,5067.332979,9360.879734,9102.363163,3967.581932,4847.315232
AE168,22473.72636,7684.411542,5657.886392,3672.804842,1272.95896,3967.581932
AE169,13948.63677,3539.86804,4103.915537,5212.074645,1578.64366,4554.781624
AE17,16671.02958,29602.27925,8569.473432,28729.6972,12295.64968,5648.553772
AE170,18229.98941,4678.686857,3170.387105,8673.730867,4261.554343,7167.064008
AE171,59401.97236,5067.332979,5856.653297,17553.26582,5430.475662,5139.20007
AE173,86929.81617,6863.826931,8937.617946,17762.2341,2782.879752,5721.17706
AE174,134479.104,15301.62722,7891.47828,11659.72226,2484.035699,2782.879752
AE175,27565.18935,6863.826931,7067.789166,10383.9482,3672.804842,6590.133557
AE176,63716.64734,7891.47828,3914.653454,19014.18287,652.3354368,4261.554343
AE177,22294.56051,4872.485151,4103.915537,8888.142128,334.2931985,8029.303812
AE178,11460.15865,2987.771737,3354.438517,6517.889569,5721.17706,5139.20007
AE18,14623.0127,27872.56779,5067.332979,20886.49021,12295.64968,8459.124327
AE19,55534.38923,107248.4759,6256.918129,8888.142128,37375.10731,3451.152484
AE20,124481.4174,376889.3555,8412.345192,12718.92566,100005.6347,4554.781624
AE21,31658.54044,198762.0199,7016.722931,5430.475662,34117.25097,7814.078284
AE24,7632.761904,20868.34263,3078.896085,7382.965246,17901.49597,4334.928884
AE25,30347.84279,230224.5989,37549.02615,11022.51499,72933.30245,3893.965628
AE28,1068229.44,42328.41128,13445.72534,17344.20594,34660.99459,6083.793711
AE29,80078.05788,18288.0868,7170.071389,9530.253536,7742.28822,6950.923083
AE30,12282.24527,18520.72576,5214.139736,4334.928884,9743.931799,5430.475662
AE31,10970.67816,29354.31889,3633.082838,3893.965628,10880.73175,3451.152484
AE32,10808.16659,9573.49395,6711.390716,5866.322346,7742.28822,4114.66479
AE33,11788.06654,26890.59325,6407.928295,7814.078284,16227.62236,5212.074645
AE34,7478.097603,12613.20679,2273.04561,9316.398776,13141.6837,5648.553772
AE35,10645.9852,16212.80285,1883.536669,10809.81467,56730.17712,3228.974531
AE36,60220.64082,7684.411542,4775.452889,7382.965246,12295.64968,6083.793711
AE37,11623.95604,6458.372853,4630.404923,13774.8884,7167.064008,5866.322346
AE38,11788.06654,39219.40056,5509.427505,6734.534456,6300.979262,4554.781624
AE39,7632.761904,21817.74008,4921.099902,3451.152484,3967.581932,5212.074645
AE40,8099.283359,9360.879734,4775.452889,3451.152484,3377.153379,5430.475662
AE41,10322.6277,14397.74266,3914.653454,9743.931799,9743.931799,6734.534456
AE42,7478.097603,23012.38108,3633.082838,9316.398776,15108.2014,3006.231993
AE43,6559.42188,10430.2633,4056.486921,9316.398776,10028.56875,5866.322346
AE44,7787.851729,7478.097603,5509.427505,10170.77525,11447.46578,7598.634315
AE45,7787.851729,7891.47828,4198.995146,9530.253536,11730.44269,3893.965628
AE46,10000.63605,9786.749463,3773.512494,11447.46578,2183.859026,4334.928884
AE47,6256.918129,8099.283359,6256.918129,6950.923083,5139.20007,4993.336162
AE48,7170.071389,8937.617946,7323.865226,4774.244306,8315.942193,5866.322346
AE49,17534.79225,27872.56779,2942.349589,9316.398776,16507.02613,6300.979262
AE51,6863.826931,24457.08921,3633.082838,5648.553772,13423.24352,8673.730867
AE53,7170.071389,6660.682124,3354.438517,8673.730867,4554.781624,3893.965628
AE54,5956.382312,10862.3006,4056.486921,6734.534456,2782.879752,4334.928884
AE55,7478.097603,5657.886392,6407.928295,11871.8366,11447.46578,6300.979262
AE56,4775.452889,8937.617946,4198.995146,7598.634315,6590.133557,8029.303812
AE57,10484.13765,8726.992748,3914.653454,5866.322346,1578.64366,5866.322346
AE58,7478.097603,17824.01264,3078.896085,6734.534456,13704.58612,3893.965628
AE59,5067.332979,4103.915537,4342.161349,2334.125101,3967.581932,8029.303812
AE60,6863.826931,4103.915537,3354.438517,6734.534456,964.5194519,5648.553772
AE61,6256.918129,2098.711228,2012.264366,6734.534456,0,6517.889569
AE62,5509.427505,1755.989963,2806.655955,5212.074645,4847.315232,4334.928884
AE63,5956.382312,1755.989963,4342.161349,11659.72226,4847.315232,6734.534456
AE64,5806.874641,1587.873057,4342.161349,10170.77525,2484.035699,7382.965246
AE65,11133.51634,10645.9852,4630.404923,6950.923083,1272.95896,5430.475662
AE66,7632.761904,6660.682124,5361.508347,7814.078284,7454.880374,6083.793711
AE67,7170.071389,5856.653297,5214.139736,4993.336162,10028.56875,6517.889569
AE68,22473.72636,8937.617946,4056.486921,23166.54885,7454.880374,4774.244306
AE69,7943.360882,5657.886392,2537.949228,8029.303812,2484.035699,6300.979262
AE70,5509.427505,1098.638664,5956.382312,3893.965628,4554.781624,5212.074645
AE71,5509.427505,5067.332979,3633.082838,5430.475662,4847.315232,4993.336162
AE72,9520.279867,4872.485151,6863.826931,12295.64968,8029.303812,7167.064008
AE73,10808.16659,12834.5048,3914.653454,8029.303812,10880.73175,6734.534456
AE74,6863.826931,12172.19098,4056.486921,18179.90044,9458.988437,6734.534456
AE76,8726.992748,3726.622614,3914.653454,6950.923083,7742.28822,3451.152484
AE77,7170.071389,13278.64799,16671.02958,6734.534456,8888.142128,5866.322346
AE78,7478.097603,4103.915537,32222.54332,6734.534456,5139.20007,4774.244306
AE79,10484.13765,2627.109787,2627.109787,5212.074645,8029.303812,7167.064008
AE80,27380.98446,5460.060625,4103.915537,7598.634315,9458.988437,7167.064008
AE81,320768.9133,4103.915537,5856.653297,44803.11536,4554.781624,5139.20007
AE82,35443.38399,4103.915537,4872.485151,7382.965246,3377.153379,3080.544881
AE83,24638.50742,7891.47828,5263.200747,6517.889569,5721.17706,3672.804842
AE84,19455.20933,10862.3006,18288.0868,7167.064008,6300.979262,4261.554343
AE85,102390.4937,124556.7607,13501.48048,23580.194,8029.303812,5721.17706
AE86,15984.34235,13278.64799,5856.653297,6517.889569,8602.217309,7454.880374
AE87,13445.72534,4294.367171,2627.109787,5430.475662,7742.28822,5139.20007
AE88,18753.76105,6056.337933,3726.622614,6300.979262,10312.90861,5139.20007
AE89,42003.06883,3354.438517,6056.337933,8673.730867,4847.315232,6590.133557
AE90,25548.29504,6458.372853,7272.551554,7382.965246,4847.315232,4261.554343
AE91,21045.91757,6660.682124,14848.7536,9743.931799,7167.064008,6878.821474
AE94,18055.84785,6458.372853,6056.337933,2782.879752,6011.335558,7454.880374
AE96,45140.15385,9148.917406,5856.653297,19639.00822,8888.142128,8315.942193
AE99,126291.3551,22055.97583,13724.81206,46820.74747,9743.931799,9458.988437
BB02,120872.2487,18753.76105,7478.097603,10809.81467,7814.078284,5139.20007
BB04,79014.44116,17361.56887,10862.3006,26880.1396,1196.136377,6011.335558
BB05,66615.41242,10808.16659,8307.812915,9743.931799,3451.152484,5430.475662
BB06,14285.28589,7943.360882,7272.551554,10383.9482,2558.864999,5430.475662
BB07,22832.63775,7323.865226,9360.879734,10809.81467,4993.336162,5721.17706
BB08,84137.1228,37549.02615,7891.47828,11871.8366,3228.974531,4847.315232
BB09,13445.72534,5956.382312,5263.200747,6517.889569,4993.336162,4847.315232
BB11,13111.85481,3216.267682,5067.332979,6300.979262,3672.804842,6590.133557
BB12,41418.31264,5067.332979,4485.969635,8244.317181,1426.103383,5139.20007
BB14,46719.9721,5509.427505,2273.04561,5648.553772,964.5194519,4554.781624
BB15,20690.97204,4921.099902,10862.3006,8888.142128,4554.781624,7167.064008
BB16,108578.626,16843.30779,7067.789166,6517.889569,3006.231993,5430.475662
BB17,15642.48045,7478.097603,4294.367171,9530.253536,3672.804842,5430.475662
BB18,27749.56105,5067.332979,4872.485151,9957.437716,4774.244306,6878.821474
BB20,12945.34841,2405.003393,8726.992748,6517.889569,4114.66479,6590.133557
BB21,32222.54332,4630.404923,6660.682124,5430.475662,3451.152484,6878.821474
BB23,18229.98941,3078.896085,5067.332979,8459.124327,4774.244306,8029.303812
BB24,95598.05644,12117.21424,6056.337933,5866.322346,5212.074645,6011.335558
BB25,58993.20899,7787.851729,6056.337933,7382.965246,3451.152484,7742.28822
BB26,51702.95773,2806.655955,5263.200747,6517.889569,4774.244306,8602.217309
BB33,70367.57198,31095.89479,20868.34263,16507.02613,6950.923083,2183.859026
BB34,234405.6472,89950.97031,31846.39147,64850.41724,6734.534456,10880.73175
BB36,445698.7057,126517.8455,42588.92937,129656.5759,9743.931799,7454.880374
BB37,41223.64128,17188.57919,8937.617946,18388.60072,3672.804842,7742.28822
BB38,19455.20933,9043.184116,6863.826931,10596.96018,3451.152484,7742.28822
BB39,55331.81764,29974.74716,12834.5048,17344.20594,6083.793711,7167.064008
BB43,11133.51634,7478.097603,4485.969635,22545.56939,4334.928884,5139.20007
BB44,41029.09431,15813.28632,6863.826931,13985.71629,3672.804842,2782.879752
BB45,141354.3694,46719.9721,19455.20933,46820.74747,3228.974531,7742.28822
BB46,77952.7595,17708.24764,11079.20088,18179.90044,1882.150821,5139.20007
BB47,509958.7042,183750.6346,35634.12226,116426.439,7598.634315,8315.942193
BB48,154308.971,68488.01277,25183.8445,30165.20195,5212.074645,6011.335558
BB49,213361.2179,86929.81617,29850.52116,52654.30342,8673.730867,5139.20007
BB50,39670.78498,13613.08426,6458.372853,11022.51499,6300.979262,8029.303812
BB51,17015.82491,6863.826931,4103.915537,7167.064008,4993.336162,3377.153379
BB53,121773.1906,32787.88606,14848.7536,39135.36275,4114.66479,7167.064008
BB54,65578.13788,15131.58394,8937.617946,14407.02318,3228.974531,5430.475662
BB55,147118.6521,43567.78769,14397.74266,40960.2418,2108.584595,4261.554343
BB56,537138.3398,192594.4784,62685.64541,130821.481,8673.730867,4261.554343
BB59,154308.971,36781.43826,13056.32068,12718.92566,2782.879752,3377.153379
BB62,148275.2266,37549.02615,18055.84785,16507.02613,5430.475662,5721.17706
BB65,28118.80168,18404.35651,10000.63605,11022.51499,1882.150821,5430.475662
BB67,392161.2186,82852.38377,25426.7328,98436.79846,4554.781624,4554.781624
BB68,90167.29925,21579.85604,8517.05364,36900.6764,4114.66479,964.5194519
BB69,451344.6906,126291.3551,34872.00465,91365.40287,9743.931799,7454.880374
BB70,534384.2901,171418.7325,44156.53956,131986.0045,13563.94167,5430.475662
BB71,470774.5475,151520.1185,42588.92937,125770.7544,11235.06434,2183.859026
BB72,369022.6646,120647.155,50500.84711,122658.9185,10596.96018,3377.153379
BB73,152448.9702,49502.03569,28612.1445,35476.02328,3672.804842,8602.217309
BB74,36207.16494,12282.24527,11079.20088,14407.02318,3006.231993,5139.20007
BB75,90383.69848,21401.67551,8517.05364,28319.07324,3672.804842,4554.781624
BB76,75201.58206,24094.79984,7478.097603,23373.40511,2782.879752,2484.035699
BB77,608554.6245,157104.6649,29354.31889,128879.7586,7382.965246,4554.781624
BB78,548726.1586,123126.2958,33354.55177,129656.5759,12930.36827,4847.315232
BB79,94726.25955,22115.58939,8937.617946,28934.92801,6300.979262,2484.035699
BB80,69531.36206,23012.38108,14848.7536,23166.54885,3228.974531,3672.804842
BB81,80717.14891,25001.88603,20160.09926,15458.33826,4114.66479,7454.880374
BB82,53714.88074,13780.72223,13278.64799,20055.15085,5212.074645,4847.315232
BB83,23012.38108,5956.382312,5067.332979,13352.87412,6950.923083,4847.315232
BB84,54522.53759,20336.84905,6863.826931,27497.16405,3006.231993,3080.544881
BB85,373215.4376,110800.4442,25426.7328,122269.7362,4993.336162,6878.821474
BB86,96034.3595,24457.08921,8726.992748,20678.77145,2782.879752,3080.544881
BB87,110800.4442,31470.84022,12613.20679,23993.57224,4114.66479,4261.554343
BB89,134250.733,43763.91935,26645.84961,25438.36376,5212.074645,7454.880374
BB90,529981.808,117501.8473,43894.73998,149217.1889,10596.96018,6011.335558
BB91,81997.38462,21223.69562,7684.411542,32007.17871,5866.322346,6011.335558
BB92,295980.7173,85209.77318,19455.20933,158093.9853,6300.979262,4261.554343
BB93,101290.6941,39283.84119,10862.3006,38526.3801,2558.864999,8029.303812
BB94,51502.34057,17188.57919,6458.372853,21716.6131,494.2737652,2782.879752
BB97,111245.5366,48704.94402,25183.8445,25438.36376,6734.534456,6300.979262
BB98,88654.47984,25913.45089,16671.02958,25438.36376,6517.889569,6878.821474
BB99,121773.1906,54522.53759,11952.48698,44601.17052,3893.965628,8029.303812
BCW01,2386003.557,75412.73417,22581.31887,18680.63495,3893.965628,7512.394085
BCW02,173497.4712,12779.13149,7478.097603,9573.003173,5212.074645,27620.50743
BCW03,26939.57828,12945.34841,5896.517532,14322.7985,7382.965246,5604.963325
BCW04,61369.30962,21223.69562,5539.076443,24819.54752,7598.634315,9230.806484
BCW05,1246349.009,187568.0872,29751.19072,360785.8425,24819.54752,8888.142128
BCW06,201976.2457,30721.56051,12216.1966,63335.85519,7598.634315,10085.4602
BCW07,29007.65068,18404.35651,5184.733066,11447.46578,10809.81467,6474.529045
BCW08,12084.24439,7943.360882,7478.097603,8201.33119,6734.534456,7857.140659
BCW09,890751.4078,62891.6634,26499.14921,111744.0402,10383.9482,8201.33119
BCW10,162950.6147,15471.92674,10000.63605,32538.56954,6950.923083,7339.803806
BCW11,21865.35919,9201.84628,5302.494215,14322.7985,5212.074645,5430.475662
BCW12,36858.10026,14285.28589,6863.826931,13479.52926,8244.317181,7167.064008
BCW13,192162.9416,35252.7846,12878.82675,53416.8809,5648.553772,6821.120166
BCW14,2031876.617,171182.7272,48267.29347,437995.3633,26880.1396,14491.22974
BCW15,180324.0785,13948.63677,5539.076443,52935.3,10809.81467,9743.931799
BCW16,21152.56011,10484.13765,5067.332979,11277.55637,5866.322346,6474.529045
BCW17,82852.38377,14792.27452,18753.76105,28442.2833,6083.793711,9401.962133
BCW18,32599.29066,7170.071389,6863.826931,12972.64146,4774.244306,5953.345899
BCW19,40562.69167,5956.382312,10387.19093,26303.77959,5212.074645,6994.17082
BCW20,154914.1272,19807.22972,10775.70378,37917.04292,6950.923083,4730.382024
BCW21,119207.9046,16843.30779,10129.2668,36778.6437,9102.363163,5604.963325
BCW22,2019741.932,182321.842,49222.85444,437549.7363,32007.17871,6821.120166
BCW23,143057.3405,20160.09926,9616.094081,44722.34145,10383.9482,9059.53394
BCW24,16671.02958,14623.0127,12348.34207,8029.303812,3006.231993,6127.253337
BCW25,100368.1095,12613.20679,10516.48027,15668.27992,8673.730867,6300.979262
BCW26,53231.07314,8099.283359,13814.28309,12465.02342,4334.928884,7684.838533
BW01,3078.896085,3726.622614,2627.109787,4993.336162,6590.133557,6590.133557
BW02,1883.536669,4103.915537,3170.387105,2558.864999,4847.315232,4554.781624
BW03,4056.486921,4872.485151,2273.04561,4554.781624,6878.821474,5721.17706
BW04,4342.161349,4294.367171,5657.886392,4554.781624,10028.56875,8029.303812
BW05,2671.845075,4294.367171,4485.969635,3006.231993,4554.781624,6878.821474
BW06,4630.404923,4678.686857,6256.918129,2782.879752,6878.821474,6300.979262
BW07,3633.082838,3539.86804,4294.367171,4554.781624,6878.821474,3672.804842
BW08,2142.117415,3539.86804,2627.109787,1196.136377,3672.804842,3672.804842
BW09,3633.082838,3170.387105,3914.653454,4774.244306,8602.217309,8315.942193
BW10,5509.427505,4294.367171,2806.655955,3228.974531,3967.581932,6878.821474
BW11,4630.404923,4485.969635,4103.915537,5430.475662,8315.942193,2782.879752
BW12,4056.486921,4103.915537,2449.210834,5866.322346,9173.728739,6590.133557
BW13,4630.404923,4872.485151,7272.551554,6083.793711,2484.035699,5721.17706
BW14,3633.082838,4294.367171,5263.200747,3228.974531,8029.303812,6878.821474
BW15,2405.003393,2449.210834,6056.337933,4774.244306,8029.303812,7167.064008
BW16,2537.949228,4485.969635,3726.622614,1882.150821,5430.475662,3377.153379
BW17,4485.969635,2987.771737,5460.060625,4334.928884,7167.064008,5721.17706
BW18,8726.992748,5460.060625,2987.771737,4554.781624,2782.879752,6590.133557
BW19,29602.27925,4103.915537,5067.332979,10809.81467,6011.335558,2782.879752
BW20,7632.761904,2987.771737,1422.135573,7382.965246,4847.315232,3672.804842
BW21,7478.097603,4872.485151,6256.918129,6083.793711,3377.153379,3672.804842
BW22,25001.88603,7891.47828,5856.653297,20055.15085,7742.28822,6878.821474
BW23,325655.5205,83137.64978,26890.59325,186343.2933,19569.61974,11447.46578
BW24,33543.73148,15984.34235,7684.411542,26056.62638,6300.979262,5430.475662
BWd01,28859.24975,9680.042191,4678.686857,24200.16281,1196.136377,3377.153379
BWd02,7943.360882,1504.695226,3914.653454,9530.253536,3451.152484,8315.942193
BWd03,7016.722931,2537.949228,4294.367171,4554.781624,2334.125101,6011.335558
BWd04,10808.16659,2671.845075,4294.367171,5866.322346,3893.965628,6878.821474
BWd05,12117.21424,4630.404923,6863.826931,5430.475662,3228.974531,4261.554343
BWd06,45140.15385,20513.80708,9148.917406,22545.56939,3451.152484,8315.942193
BWd07,359090.7386,67030.93727,25426.7328,134895.667,6517.889569,2183.859026
HW01,7170.071389,3914.653454,5067.332979,7167.064008,7454.880374,6011.335558
HW02,5214.139736,3354.438517,5657.886392,6083.793711,7454.880374,5721.17706
HW03,7478.097603,3726.622614,3354.438517,4554.781624,7167.064008,8888.142128
HW04,8726.992748,3170.387105,4103.915537,2558.864999,7167.064008,5721.17706
HW05,10322.6277,3539.86804,941.4156051,2108.584595,4554.781624,4261.554343
HW06,6559.42188,5460.060625,4103.915537,4774.244306,9173.728739,6011.335558
HW07,4485.969635,4103.915537,2806.655955,3228.974531,8888.142128,4261.554343
HW08,6559.42188,5067.332979,3914.653454,6083.793711,6590.133557,9743.931799
HW09,3914.653454,3726.622614,2806.655955,5866.322346,6011.335558,4847.315232
HW10,3078.896085,2806.655955,4872.485151,3451.152484,8315.942193,3377.153379
HW11,4485.969635,3914.653454,1258.977261,2782.879752,6300.979262,7454.880374
HW12,6106.399863,3726.622614,6660.682124,2782.879752,7454.880374,6590.133557
HW13,6711.390716,3539.86804,1587.873057,730.8152129,5721.17706,5721.17706
HW14,5067.332979,2273.04561,4872.485151,1654.707322,2484.035699,6590.133557
HW15,4630.404923,5856.653297,3726.622614,1654.707322,9173.728739,4554.781624
HW16,3354.438517,1422.135573,2987.771737,5212.074645,8315.942193,4847.315232
LW01,53110.214,1883.536669,1755.989963,9743.931799,6300.979262,4847.315232
LW02,89518.52382,6407.928295,2987.771737,42579.84318,5430.475662,6590.133557
LW03,51301.82917,4198.995146,4678.686857,11659.72226,730.8152129,4847.315232
LW04,38318.7446,1883.536669,3539.86804,4554.781624,3228.974531,8315.942193
LW05,39090.56232,4775.452889,5067.332979,5648.553772,2782.879752,5430.475662
LW06,67030.93727,4198.995146,6863.826931,5430.475662,3451.152484,3377.153379
LW07,25365.98115,5657.886392,5657.886392,3893.965628,6734.534456,5721.17706
LW08,51502.34057,457.3677772,3914.653454,5866.322346,7382.965246,4554.781624
LW09,26096.29103,2012.264366,4294.367171,8673.730867,4334.928884,6011.335558
LW10,62273.88456,10484.13765,5657.886392,9957.437716,2558.864999,5430.475662
LW11,58993.20899,5806.874641,8307.812915,8459.124327,494.2737652,6011.335558
LW12,37356.92819,5657.886392,7272.551554,10809.81467,4774.244306,5139.20007
OWW01,42784.4597,10970.67816,7478.097603,30165.20195,5430.475662,4261.554343
OWW02,20336.84905,11296.67764,7684.411542,9530.253536,7598.634315,5721.17706
OWW03,11788.06654,6559.42188,4678.686857,8244.317181,4774.244306,1578.64366
OWW04,14285.28589,5806.874641,3539.86804,6517.889569,2558.864999,652.3354368
OWW05,14792.27452,7323.865226,4872.485151,8029.303812,3893.965628,3967.581932
OWW06,19455.20933,7632.761904,6056.337933,9102.363163,5648.553772,6300.979262
OWW07,35634.12226,8412.345192,4872.485151,21301.7005,4114.66479,5721.17706
OWW08,101290.6941,40640.37526,15756.32314,30779.64221,9316.398776,5139.20007
OWW09,371380.3104,73936.36031,22772.76579,216722.2103,8459.124327,6590.133557
OWW10,33354.55177,7943.360882,5263.200747,27497.16405,3451.152484,8315.942193
OWW11,8569.473432,3633.082838,4485.969635,6950.923083,4554.781624,2183.859026
OWW12,26829.37895,5214.139736,5657.886392,8029.303812,4993.336162,3967.581932
OWW13,11133.51634,5214.139736,6056.337933,5430.475662,5212.074645,5139.20007
OWW14,20160.09926,14285.28589,5856.653297,4774.244306,6300.979262,4554.781624
OWW15,8099.283359,4775.452889,3914.653454,4114.66479,6083.793711,4554.781624
OWW16,8726.992748,4921.099902,6056.337933,6950.923083,3672.804842,5430.475662
PH01,107027.0005,18928.79545,2627.109787,4993.336162,5212.074645,3967.581932
PH02,555362.7216,28488.69999,5856.653297,8244.317181,5430.475662,6590.133557
PH03,203908.118,17708.24764,4872.485151,9316.398776,3006.231993,5721.17706
PH04,584801.6112,29788.43438,2273.04561,5430.475662,1426.103383,5721.17706
PH05,622586.1764,31095.89479,5657.886392,1426.103383,5648.553772,10028.56875
PH06,196195.6914,7016.722931,5067.332979,9102.363163,5212.074645,4554.781624
PH07,544031.819,39864.449,5856.653297,6950.923083,5212.074645,3967.581932
PH08,549555.1376,36016.01327,5657.886392,9102.363163,4774.244306,4554.781624
PH09,205116.7993,18753.76105,4678.686857,7598.634315,5212.074645,4554.781624
PH10,598478.9059,33733.05576,6660.682124,7598.634315,4774.244306,8029.303812
PH11,634124.1307,31658.54044,3539.86804,8459.124327,1426.103383,6590.133557
PH12,252721.7695,14961.79899,4103.915537,6083.793711,3228.974531,3967.581932
PH13,675155.1818,33354.55177,2273.04561,2108.584595,7814.078284,8315.942193
PH14,692519.1682,32599.29066,3170.387105,7814.078284,4774.244306,3080.544881
PH15,581180.1581,46126.67891,2098.711228,5648.553772,7598.634315,6011.335558
PH16,651342.9797,35062.32464,4294.367171,8888.142128,2558.864999,7167.064008
PH17,602394.5333,31470.84022,4103.915537,11235.06434,6950.923083,6590.133557
PH18,224094.6687,23552.74849,3914.653454,7598.634315,4554.781624,7454.880374
PH19,175674.3091,21579.85604,2273.04561,7382.965246,3006.231993,5430.475662
PH20,565892.5723,26279.30478,3170.387105,5866.322346,5866.322346,4261.554343
PH21,661817.4154,35824.99887,3539.86804,6517.889569,5648.553772,4554.781624
PH22,976256.3525,87145.1478,28365.32787,150182.98,6517.889569,2484.035699
PH24,747554.2372,62685.64541,11079.20088,63256.10474,3672.804842,8602.217309
SAC02,3049151.481,259949.7786,93203.23019,606595.121,20886.49021,11871.8366
SAC03,2915722.738,239584.4325,84780.49231,613381.8305,22959.62459,8029.303812
SAC04,1546385.833,198601.4922,66823.13112,581625.0887,29755.31961,10809.81467
SAC05,2864514.992,370070.2561,78801.94942,529167.6896,124215.1951,9957.437716
SAC06,2793101.127,293440.7627,92768.69478,588605.9114,45812.34027,12930.36827
SAC07,2240437.415,246513.0865,78164.94011,596134.4365,34864.81726,13774.8884
SAC08,1393580.985,210931.8318,74357.77771,509609.2406,23580.194,17344.20594
SAC09,2593649.837,294964.3799,86929.81617,419747.9501,60262.74594,10596.96018
SAC10,2738757.554,256706.2251,93638.04008,583094.9907,31802.71142,15038.13839
SAC11,2614801.346,202700.406,78164.94011,470222.9398,20886.49021,7167.064008
SAC12,2232082.684,228015.2462,90167.29925,623098.5282,32007.17871,11235.06434
SAC13,2571499.92,247257.0218,95816.17434,592095.1781,81510.08613,12295.64968
SAC14,3992582.366,182083.8569,48904.05253,61859.86818,28934.92801,4774.244306
SAC15,1492470.459,127424.3554,51101.42381,134895.667,20055.15085,10596.96018
SAC16,235637.2996,53714.88074,20336.84905,66841.28514,17971.11193,14407.02318
SNG01,25730.78526,6863.826931,9360.879734,32620.2935,6011.335558,8244.317181
SNG02,16843.30779,7891.47828,17534.79225,9957.437716,6011.335558,4774.244306
SP10,11460.15865,3539.86804,5214.139736,4114.66479,6590.133557,6950.923083
SP11,11788.06654,5856.653297,6711.390716,3893.965628,6590.133557,6517.889569
SP12,23913.93068,4872.485151,35824.99887,9957.437716,7167.064008,6083.793711
SP13,5214.139736,3914.653454,8255.613344,8029.303812,7742.28822,7167.064008
SP14,4198.995146,4872.485151,7478.097603,21923.95968,6011.335558,5212.074645
SP15,3773.512494,6458.372853,3914.653454,2334.125101,6300.979262,8029.303812
SP16,7170.071389,3914.653454,4056.486921,7814.078284,7167.064008,7382.965246
SP17,7170.071389,5460.060625,3773.512494,6950.923083,6878.821474,5866.322346
WEL01,708225.9648,38126.11698,3726.622614,10383.9482,3451.152484,4847.315232
WEL02,361439.7154,18229.98941,4485.969635,6517.889569,5212.074645,8029.303812
WEL03,587310.5521,29044.767,5856.653297,6517.889569,5648.553772,7454.880374
WEL04,691663.8097,35443.38399,4678.686857,11022.51499,6300.979262,4847.315232
WEL05,694515.5608,30721.56051,3914.653454,8888.142128,6950.923083,4261.554343
WEL06,732018.273,34112.13568,3726.622614,6517.889569,4993.336162,6300.979262
WEL07,646255.5204,27380.98446,787.6816644,5430.475662,3006.231993,6011.335558
WEL08,601555.1793,42198.23352,5657.886392,17971.11193,4774.244306,8602.217309
WEL09,707368.0036,32410.84287,2449.210834,6517.889569,3451.152484,6878.821474
WEL10,248249.4072,16327.19715,2449.210834,6517.889569,3228.974531,6590.133557
WEL11,613040.0047,31846.39147,3539.86804,6517.889569,4334.928884,4554.781624
WEL12,629899.6023,20160.09926,4678.686857,11022.51499,4774.244306,4554.781624
WEL13,571167.4941,21936.81417,1422.135573,12507.35358,4554.781624,2183.859026
WEL14,695656.7057,30161.21686,4294.367171,8459.124327,4993.336162,6878.821474
WEL15,632997.2161,28488.69999,3354.438517,7382.965246,3006.231993,5430.475662
WEL16,609675.5513,37549.02615,3914.653454,6083.793711,3006.231993,11730.44269
WEL17,663518.099,35252.7846,5067.332979,4334.928884,4993.336162,8315.942193
WEL18,206084.4395,8569.473432,1755.989963,4774.244306,3672.804842,3672.804842
WEL19,576170.8812,30908.65092,1422.135573,3893.965628,5648.553772,3080.544881
WEL20,619495.525,31283.29145,4294.367171,10596.96018,5430.475662,3672.804842
WEL22,644560.9029,32034.39264,5460.060625,6300.979262,4114.66479,7742.28822
WEL23,605473.5182,33354.55177,5263.200747,4993.336162,2334.125101,5139.20007
WEL24,649081.2199,48704.94402,5263.200747,8888.142128,2782.879752,7454.880374
WEL25,148506.6885,17881.93339,7478.097603,27085.87176,5430.475662,8315.942193
WEL26,215794.3551,19983.55903,3539.86804,31393.63131,3672.804842,5139.20007
WF01,11623.95604,5361.508347,5263.200747,9530.253536,4554.781624,2484.035699
WF02,7632.761904,2806.655955,2098.711228,4334.928884,3006.231993,6878.821474
WF04,7016.722931,3914.653454,3170.387105,5648.553772,3451.152484,4847.315232
WF05,31095.89479,27565.18935,17361.56887,13563.94167,4774.244306,6590.133557
WF06,14961.79899,8884.89798,6660.682124,6950.923083,2108.584595,6300.979262
WF07,25730.78526,19455.20933,10645.9852,13774.8884,1882.150821,6590.133557
WGP01,52305.44074,21936.81417,9148.917406,18388.60072,5430.475662,3967.581932
WGP02,26096.29103,17188.57919,10000.63605,15878.11809,4993.336162,8888.142128
WGP03,333133.1704,93420.60088,19924.75909,155201.4446,4993.336162,3967.581932
WGP04,83494.41871,32599.29066,14848.7536,27291.54642,6517.889569,2484.035699
WGP05,38126.11698,24457.08921,10862.3006,21301.7005,10383.9482,10028.56875
WGP06,44549.633,21758.23599,8726.992748,18597.21386,4554.781624,3967.581932
WGP07,55534.38923,13111.85481,6660.682124,21094.13296,3006.231993,4261.554343
WGP08,47711.0603,16843.30779,13501.48048,20263.10262,3893.965628,9173.728739
WGP09,102830.8628,36781.43826,18288.0868,21716.6131,3672.804842,5139.20007
WGP10,10645.9852,86069.2129,12392.43325,7598.634315,4114.66479,10028.56875
WGP11,21758.23599,19455.20933,4485.969635,14407.02318,4554.781624,4554.781624
WGP12,25548.29504,66615.41242,10862.3006,12930.36827,4334.928884,1578.64366
WGP13,41223.64128,24638.50742,11296.67764,19847.11968,6734.534456,6300.979262
WGP14,13278.64799,9360.879734,6863.826931,9102.363163,3451.152484,2484.035699
WGP15,14792.27452,4485.969635,6056.337933,8888.142128,3228.974531,5139.20007
WGP16,10970.67816,2537.949228,5263.200747,7382.965246,4774.244306,7167.064008
WGP17,11952.48698,6863.826931,4103.915537,8888.142128,4993.336162,5721.17706
WGP18,7787.851729,1381.09559,3539.86804,10596.96018,730.8152129,3967.581932
WGP19,24638.50742,6863.826931,5460.060625,15458.33826,2108.584595,4554.781624
WGP20,29230.44483,9360.879734,4103.915537,19222.54076,6734.534456,4554.781624
WiW01,30908.65092,17188.57919,9043.184116,10596.96018,5212.074645,4993.336162
WiW02,21758.23599,7787.851729,7632.761904,8888.142128,5430.475662,5212.074645
WiW03,18055.84785,11623.95604,6559.42188,8673.730867,4334.928884,2782.879752
WiW04,26645.84961,8255.613344,5214.139736,7814.078284,4554.781624,2782.879752
WiW05,124255.4244,5214.139736,6106.399863,8459.124327,6300.979262,1882.150821
WiW06,41418.31264,15471.92674,11623.95604,12083.81153,5648.553772,6083.793711
WiW07,53513.22223,20513.80708,6711.390716,20055.15085,2334.125101,8244.317181
WiW08,38511.50343,32599.29066,7787.851729,10383.9482,7814.078284,4554.781624
WiW09,26096.29103,8099.283359,7943.360882,8459.124327,3006.231993,5866.322346
WiW10,87791.57458,5509.427505,5806.874641,12507.35358,3893.965628,4993.336162
WiW11,17188.57919,6863.826931,4630.404923,6300.979262,3672.804842,4774.244306
WiW12,93855.54766,5509.427505,3216.267682,6300.979262,5430.475662,2782.879752
WiW13,1583641.274,3914.653454,29044.767,4993.336162,1882.150821,3006.231993
WiW14,145501.5154,8412.345192,7787.851729,17553.26582,4334.928884,6083.793711
WiW15,372166.6435,63510.26499,25548.29504,124798.6134,6300.979262,8888.142128
WiW16,60015.83158,15984.34235,9201.84628,18597.21386,4114.66479,6083.793711
WiW17,90383.69848,11296.67764,11952.48698,14196.42726,6734.534456,5648.553772
WiW18,1397029.632,60630.54212,25730.78526,102748.9287,4774.244306,7814.078284
WiW19,91900.45113,8099.283359,4921.099902,13774.8884,2108.584595,6083.793711
WiW20,41029.09431,5067.332979,4198.995146,6734.534456,4334.928884,3672.804842
WiW21,87791.57458,7787.851729,6711.390716,7167.064008,2558.864999,5648.553772
WiW22,31658.54044,5806.874641,4921.099902,8244.317181,4334.928884,6083.793711
WiW23,347377.235,26829.37895,10484.13765,13563.94167,4774.244306,6517.889569
WiW24,42003.06883,9840.162338,7478.097603,8459.124327,2782.879752,7382.965246
WiW25,25548.29504,9680.042191,7323.865226,9316.398776,7167.064008,6300.979262
WiW26,70786.18304,10322.6277,6863.826931,15668.27992,3006.231993,5648.553772
WiW27,19104.04928,2671.845075,4630.404923,9316.398776,2558.864999,7814.078284
WiW28,14285.28589,5509.427505,3773.512494,7598.634315,4993.336162,6083.793711
WiW29,36781.43826,33165.51722,10645.9852,19847.11968,4334.928884,8888.142128
WiW30,20513.80708,10322.6277,4342.161349,7814.078284,6083.793711,4114.66479
WiW31,35062.32464,8255.613344,7323.865226,7382.965246,1882.150821,5866.322346
WiW32,43371.77549,9043.184116,9360.879734,8029.303812,5430.475662,9743.931799
WiW33,23733.24656,54118.50517,6256.918129,10596.96018,13352.87412,7167.064008
WiW34,16843.30779,21579.85604,5509.427505,9316.398776,11447.46578,5648.553772
WiW35,14623.0127,4342.161349,4485.969635,6300.979262,3672.804842,5212.074645
WiW36,12282.24527,14285.28589,4775.452889,6300.979262,9316.398776,6517.889569
WiW37,26645.84961,33922.52402,8726.992748,9957.437716,4114.66479,8459.124327
WiW38,21579.85604,8569.473432,4485.969635,8244.317181,4993.336162,3893.965628
WiW39,19279.52105,6559.42188,6711.390716,8888.142128,1882.150821,6950.923083
WiW40,22294.56051,11788.06654,6559.42188,12083.81153,4114.66479,8673.730867
WiW41,20336.84905,45929.14324,8099.283359,10596.96018,3228.974531,9316.398776
WiW42,14623.0127,11133.51634,4198.995146,6517.889569,4993.336162,8029.303812
WiW43,11788.06654,5067.332979,4630.404923,6083.793711,2108.584595,5866.322346
WiW44,11623.95604,8884.89798,4630.404923,8029.303812,6083.793711,7382.965246
WiW45,37933.62103,23012.38108,6711.390716,13985.71629,3228.974531,7382.965246
WiW46,201734.937,18928.79545,9043.184116,33845.25981,4774.244306,3672.804842
WiW47,45929.14324,8726.992748,7632.761904,10170.77525,5212.074645,6083.793711
WiW48,17188.57919,7943.360882,3914.653454,12295.64968,4334.928884,5430.475662
WiW49,52908.86485,16327.19715,8255.613344,33845.25981,5648.553772,8888.142128
WiW50,54724.70611,36973.13374,4630.404923,9102.363163,11447.46578,8888.142128
WiW51,13278.64799,8412.345192,4198.995146,9102.363163,3893.965628,6950.923083
WiW52,19279.52105,6863.826931,4630.404923,13352.87412,1196.136377,8673.730867
WiW53,200046.8721,26462.49127,13278.64799,98240.6295,5212.074645,6517.889569
WiW54,40446.20406,5214.139736,6559.42188,16925.80657,2558.864999,4774.244306
WiW55,21045.91757,6106.399863,8884.89798,10170.77525,5866.322346,3672.804842
WiW56,20160.09926,7478.097603,5956.382312,10809.81467,3451.152484,2334.125101
WiW57,26096.29103,8099.283359,5214.139736,9743.931799,3893.965628,6734.534456
WP01,32976.62845,11788.06654,4056.486921,13774.8884,2334.125101,5866.322346
WP02,51903.68035,13278.64799,5361.508347,25850.59947,9316.398776,6517.889569
WP03,46522.09369,11296.67764,6711.390716,21923.95968,6950.923083,8459.124327
WP04,194994.2842,33922.52402,9201.84628,65248.76865,9530.253536,6517.889569
WP05,282553.077,44353.02731,14792.27452,71213.61402,12295.64968,6950.923083
WP06,109466.6217,32599.29066,9043.184116,46820.74747,9530.253536,9957.437716
WP07,189720.0502,25548.29504,10000.63605,52252.78388,5430.475662,3672.804842
WP08,951208.3304,116605.2646,47711.0603,345851.3533,15248.2916,4993.336162
WP09,200528.9803,37356.92819,11460.15865,68233.59117,3893.965628,4114.66479
WP10,567002.5311,81783.82282,26279.30478,216150.5456,10170.77525,8459.124327
WP11,311281.8581,45929.14324,17881.93339,96474.45628,9957.437716,4993.336162
WP12,2792756.727,335458.473,80291.01177,612464.8697,53256.37176,13352.87412
WP13,2924384.789,285332.9818,70158.3927,612098.0713,39135.36275,10170.77525
WP14,842254.0862,80717.14891,30347.84279,294384.1077,10596.96018,7598.634315
WP15,2488923.176,165297.0275,61040.81897,344352.8681,12083.81153,8888.142128
WP16,2804469.556,239090.5561,78164.94011,481699.5975,22959.62459,13985.71629
WYC01,220427.54,43894.73998,19455.20933,40960.2418,10880.73175,8888.142128
WYC03,53311.66655,10215.14385,10215.14385,10596.96018,964.5194519,3967.581932
WYC04,44746.35624,10215.14385,7067.789166,12507.35358,2183.859026,1882.150821
WYC05,19455.20933,4678.686857,3354.438517,5430.475662,3672.804842,6590.133557
WYC06,13278.64799,4485.969635,6660.682124,5430.475662,8029.303812,5139.20007
WYC07,12945.34841,1258.977261,4294.367171,6083.793711,6300.979262,4554.781624
WYC08,10000.63605,3539.86804,4872.485151,9530.253536,5721.17706,6590.133557
WYC09,53110.214,9148.917406,5657.886392,15248.2916,8602.217309,5430.475662
WYC10,493852.8926,61040.81897,25426.7328,60062.99691,8888.142128,5430.475662
WYC11,104374.1613,41288.51793,13501.48048,37307.3451,1882.150821,5430.475662
WYC12,78801.94942,18520.72576,6256.918129,8888.142128,4554.781624,5430.475662
WYC13,101290.6941,8517.05364,2449.210834,3451.152484,5721.17706,2782.879752
WYC16,81356.9258,12834.5048,6256.918129,16925.80657,9743.931799,3967.581932
WYC17,14792.27452,6056.337933,16441.70007,8029.303812,7454.880374,8315.942193
WYC18,34872.00465,6458.372853,10215.14385,7382.965246,2782.879752,4847.315232
WYC19,19807.22972,3170.387105,2987.771737,3672.804842,5721.17706,6878.821474
WYC20,52908.86485,7684.411542,4678.686857,6517.889569,8315.942193,8888.142128
WYC21,39090.56232,4103.915537,7478.097603,5212.074645,2782.879752,5721.17706
WYC22,61656.9344,12834.5048,21817.74008,11022.51499,1578.64366,8315.942193
WYC23,18404.35651,3354.438517,6256.918129,10170.77525,6300.979262,5721.17706
WYC24,59811.11694,15074.96015,21579.85604,10809.81467,7742.28822,6011.335558
WYC25,32787.88606,6458.372853,15074.96015,7382.965246,4261.554343,6011.335558
WYC27,33543.73148,3726.622614,2098.711228,2334.125101,7454.880374,4554.781624
WYC28,542652.1719,38190.31158,6660.682124,12083.81153,7454.880374,6011.335558
WYC29,78377.19874,7067.789166,9573.49395,7814.078284,2484.035699,4847.315232
WYC30,18055.84785,6056.337933,31345.79083,5430.475662,1272.95896,8029.303812
WYC31,19104.04928,6056.337933,9573.49395,8673.730867,3967.581932,5139.20007
WYC32,20690.97204,4678.686857,9360.879734,4554.781624,3967.581932,8029.303812
WYC33,448117.2349,23733.24656,7272.551554,8673.730867,2782.879752,4261.554343
WYC34,38318.7446,7272.551554,6056.337933,6083.793711,4847.315232,7742.28822
WYC35,15813.28632,2987.771737,4678.686857,2558.864999,6878.821474,5721.17706
WYC36,55331.81764,7684.411542,5263.200747,5648.553772,5721.17706,3672.804842
WYC37,211417.4074,11296.67764,3726.622614,5866.322346,4261.554343,5430.475662
WYC38,70576.83549,21817.74008,13056.32068,26468.50087,7167.064008,4554.781624
WYC39,320255.1168,76610.77062,19689.79469,18179.90044,5139.20007,5721.17706
WYC40,12447.57709,4872.485151,3726.622614,4774.244306,2484.035699,5430.475662
WYC43,32787.88606,10000.63605,3914.653454,4334.928884,3672.804842,3080.544881
WYD01,5214.139736,5067.332979,2806.655955,253.293549,8029.303812,4261.554343
WYD02,6863.826931,2273.04561,5263.200747,6734.534456,6878.821474,7167.064008
WYD03,30347.84279,11733.32845,4103.915537,21716.6131,5139.20007,2782.879752
WYD04,12447.57709,3354.438517,2627.109787,4774.244306,8888.142128,2183.859026
WYD05,10161.45919,3539.86804,4678.686857,6734.534456,7742.28822,6011.335558
WYD07,14454.01574,8726.992748,3726.622614,3893.965628,3080.544881,5721.17706
WYD08,7632.761904,5067.332979,2806.655955,3451.152484,10312.90861,6300.979262
WYD10,5657.886392,3539.86804,6256.918129,5648.553772,6011.335558,8602.217309
WYD11,21045.91757,10215.14385,4294.367171,8244.317181,8888.142128,6590.133557
WYD12,6256.918129,3354.438517,4103.915537,3451.152484,6878.821474,4554.781624
WYM01,26096.29103,11296.67764,10645.9852,8888.142128,5139.20007,9458.988437
WYM03,25730.78526,4872.485151,4872.485151,8244.317181,6878.821474,4261.554343
WYM04,69113.76614,16212.80285,13724.81206,14617.50585,6590.133557,2183.859026
WYM05,102830.8628,10862.3006,9360.879734,5212.074645,5430.475662,6300.979262
WYM06,20336.84905,9360.879734,2806.655955,6734.534456,3967.581932,5139.20007
WYM07,50500.84711,15984.34235,8937.617946,12295.64968,6011.335558,8029.303812
WYM08,16843.30779,4103.915537,5460.060625,6083.793711,5721.17706,3080.544881
WYM09,23012.38108,7478.097603,13724.81206,8244.317181,4554.781624,6011.335558
WYM10,7478.097603,6863.826931,5067.332979,4774.244306,7454.880374,4261.554343
WYM11,14623.0127,1422.135573,2806.655955,4993.336162,6300.979262,7454.880374
WYM12,43567.78769,10000.63605,5657.886392,10809.81467,5430.475662,3672.804842
WYM13,21401.67551,6056.337933,5263.200747,4554.781624,6011.335558,8888.142128
WYM14,14285.28589,7272.551554,4678.686857,5430.475662,3672.804842,4847.315232
WYM15,44943.19665,19689.79469,12172.19098,4114.66479,6300.979262,4261.554343
WYM16,23372.43751,6660.682124,8726.992748,5430.475662,4847.315232,6878.821474
WYM17,120872.2487,27626.62809,93203.23019,9102.363163,4261.554343,5430.475662
WYM18,48505.94565,15756.32314,15301.62722,14407.02318,964.5194519,5721.17706
WYM19,38704.39297,11296.67764,6660.682124,42175.15879,5721.17706,7454.880374
WYM20,41029.09431,7891.47828,2806.655955,5866.322346,5430.475662,4554.781624
WYM24,33543.73148,10645.9852,5657.886392,29345.22933,4847.315232,6878.821474
WYM26,79227.01031,18987.18909,6863.826931,22752.63166,334.2931985,8029.303812
WYM28,10970.67816,5263.200747,4294.367171,3893.965628,5430.475662,6590.133557
WYM30,14792.27452,5067.332979,3539.86804,7814.078284,4261.554343,4554.781624
WYM31,7323.865226,6458.372853,1422.135573,3006.231993,3080.544881,5721.17706
WYM32,12945.34841,7684.411542,3539.86804,4334.928884,4261.554343,4554.781624
WYM34,16327.19715,5657.886392,3354.438517,7814.078284,3377.153379,4261.554343
WYM35,47909.61475,14172.94886,7478.097603,11871.8366,6590.133557,6011.335558
WYM36,36016.01327,12613.20679,8517.05364,15458.33826,6300.979262,6011.335558
WYM37,10161.45919,5657.886392,6256.918129,8673.730867,4554.781624,3672.804842
WYM38,9680.042191,3354.438517,2627.109787,6734.534456,6590.133557,3967.581932
WYM40,10000.63605,4294.367171,5263.200747,5212.074645,1578.64366,3377.153379
WYM41,18578.94757,7067.789166,6256.918129,8029.303812,3377.153379,4261.554343
WYM42,26096.29103,10430.2633,10430.2633,8029.303812,4554.781624,5139.20007
WYM43,38126.11698,6056.337933,29106.6418,22338.43711,1578.64366,10880.73175
WYM44,319998.2604,61862.49201,25426.7328,233847.0241,12577.89213,11447.46578
WYT01,36016.01327,8569.473432,7478.097603,29140.10525,5866.322346,5139.20007
WYT02,15471.92674,5509.427505,3170.387105,2782.879752,1654.707322,5721.17706
WYT03,95380.00589,23552.74849,7272.551554,5866.322346,1426.103383,4261.554343
WYT04,15471.92674,7016.722931,2987.771737,6083.793711,4334.928884,6590.133557
WYT05,10970.67816,5361.508347,2627.109787,5648.553772,4554.781624,5139.20007
WYT06,8726.992748,3633.082838,5067.332979,6517.889569,2558.864999,5139.20007
WYT07,8884.89798,5067.332979,3914.653454,10170.77525,2558.864999,8315.942193
WYT08,6559.42188,5214.139736,2273.04561,3893.965628,6300.979262,5139.20007
WYT09,20690.97204,10161.45919,8307.812915,4334.928884,5648.553772,10312.90861
WYT10,74568.60786,18928.79545,9148.917406,1654.707322,4993.336162,6590.133557
WYT100,4775.452889,5067.332979,2806.655955,2108.584595,8888.142128,6011.335558
WYT101,39864.449,12834.5048,6660.682124,5430.475662,3672.804842,8315.942193
WYT102,11623.95604,8937.617946,4872.485151,3893.965628,6300.979262,5721.17706
WYT103,8884.89798,4485.969635,1926.317549,3228.974531,7454.880374,8029.303812
WYT104,52707.6194,7478.097603,4103.915537,4993.336162,2782.879752,6878.821474
WYT105,22294.56051,4678.686857,2987.771737,3672.804842,8029.303812,12013.16855
WYT106,8726.992748,4872.485151,2806.655955,4334.928884,1882.150821,6011.335558
WYT107,16843.30779,6256.918129,5263.200747,5212.074645,7742.28822,9743.931799
WYT108,13613.08426,11079.20088,2273.04561,3006.231993,8888.142128,7454.880374
WYT109,13111.85481,9573.49395,4872.485151,3672.804842,6011.335558,8315.942193
WYT110,6711.390716,4872.485151,3354.438517,2108.584595,7454.880374,4261.554343
WYT111,8099.283359,3914.653454,4485.969635,4334.928884,7742.28822,5430.475662
WYT112,34112.13568,11733.32845,8099.283359,7814.078284,6590.133557,1882.150821
WYT113,99095.95115,13948.63677,3539.86804,19639.00822,7167.064008,3080.544881
WYT114,40446.20406,11952.48698,2987.771737,16925.80657,1882.150821,6590.133557
WYT115,90816.70734,11296.67764,8307.812915,5430.475662,7167.064008,6011.335558
WYT13,16155.6466,5657.886392,1422.135573,8029.303812,2782.879752,10028.56875
WYT14,13445.72534,5956.382312,2987.771737,9316.398776,9316.398776,1882.150821
WYT15,10276.54454,11296.67764,2897.022185,6920.025781,10596.96018,4554.781624
WYT16,7787.851729,5956.382312,2273.04561,4774.244306,4114.66479,5721.17706
WYT17,8726.992748,4630.404923,6056.337933,8029.303812,4114.66479,5721.17706
WYT19,82424.73409,14961.79899,6056.337933,10383.9482,6517.889569,4554.781624
WYT20,46917.96405,10161.45919,6458.372853,32211.59794,1654.707322,5430.475662
WYT21,42588.92937,5956.382312,5067.332979,34864.81726,3228.974531,4847.315232
WYT22,10000.63605,6106.399863,3354.438517,5212.074645,4114.66479,5139.20007
WYT23,3493.38444,457.3677772,787.6816644,3006.231993,4554.781624,2782.879752
WYT24,6106.399863,3633.082838,4678.686857,5866.322346,3451.152484,5430.475662
WYT25,11952.48698,4630.404923,6056.337933,5866.322346,5212.074645,4847.315232
WYT26,7943.360882,2537.949228,3539.86804,8459.124327,7167.064008,2782.879752
WYT27,23012.38108,6407.928295,4103.915537,24819.54752,3672.804842,5721.17706
WYT28,433632.8361,101730.4209,28612.1445,340793.0016,9957.437716,5430.475662
WYT29,592611.968,83280.33253,36909.22026,334794.334,17762.2341,7742.28822
WYT30,6256.918129,5067.332979,4294.367171,4774.244306,2782.879752,7167.064008
WYT31,5509.427505,2273.04561,2098.711228,2558.864999,4114.66479,4554.781624
WYT32,31846.39147,10000.63605,8517.05364,18388.60072,1654.707322,7167.064008
WYT33,10645.9852,1883.536669,6056.337933,5430.475662,2108.584595,4847.315232
WYT34,6863.826931,3773.512494,3170.387105,9102.363163,4114.66479,1578.64366
WYT36,29974.74716,6711.390716,3170.387105,27702.72509,5212.074645,3672.804842
WYT37,31846.39147,8569.473432,3914.653454,30165.20195,6517.889569,7167.064008
WYT38,6407.928295,3354.438517,3170.387105,4334.928884,3228.974531,4261.554343
WYT39,10000.63605,4630.404923,5067.332979,4774.244306,4114.66479,4261.554343
WYT40,9680.042191,3633.082838,4678.686857,8888.142128,3228.974531,6590.133557
WYT41,17708.24764,7016.722931,5657.886392,7382.965246,2558.864999,5139.20007
WYT42,8412.345192,3354.438517,2273.04561,9102.363163,2782.879752,4261.554343
WYT43,10645.9852,3493.38444,1926.317549,5430.475662,4334.928884,3967.581932
WYT44,6407.928295,1504.695226,2098.711228,4554.781624,5430.475662,4554.781624
WYT45,9840.162338,4630.404923,2987.771737,7814.078284,2108.584595,6300.979262
WYT46,9520.279867,5806.874641,3914.653454,5430.475662,4334.928884,3672.804842
WYT47,75835.27846,19807.22972,10000.63605,8673.730867,2558.864999,1272.95896
WYT48,11133.51634,3354.438517,5460.060625,6734.534456,3228.974531,3672.804842
WYT49,9840.162338,4485.969635,2627.109787,6300.979262,4554.781624,4847.315232
WYT50,4485.969635,2142.117415,3170.387105,6083.793711,2108.584595,5721.17706
WYT51,10000.63605,2671.845075,2987.771737,4114.66479,3006.231993,6590.133557
WYT52,7632.761904,2142.117415,2449.210834,4554.781624,4774.244306,964.5194519
WYT53,11460.15865,6256.918129,5067.332979,8888.142128,2108.584595,4261.554343
WYT54,11623.95604,5806.874641,3170.387105,5212.074645,6950.923083,6878.821474
WYT55,9680.042191,6863.826931,4485.969635,8888.142128,0,1272.95896
WYT56,17361.56887,8099.283359,5067.332979,7598.634315,5430.475662,2484.035699
WYT57,20868.34263,7016.722931,7067.789166,5866.322346,6300.979262,1272.95896
WYT58,9680.042191,3216.267682,4485.969635,4774.244306,2334.125101,3967.581932
WYT59,90600.16788,38897.41276,18288.0868,3672.804842,6083.793711,5430.475662
WYT60,22832.63775,6711.390716,6863.826931,21301.7005,4993.336162,3377.153379
WYT61,30908.65092,10484.13765,8517.05364,13563.94167,5648.553772,3377.153379
WYT62,414954.0727,118848.4582,37933.62103,94510.64374,15668.27992,10028.56875
WYT64,83708.57924,13056.32068,4485.969635,9957.437716,9458.988437,5721.17706
WYT65,448117.2349,29354.31889,4103.915537,6300.979262,6011.335558,3967.581932
WYT66,75623.96636,8937.617946,1422.135573,4993.336162,7454.880374,5139.20007
WYT67,43567.78769,10215.14385,3539.86804,4774.244306,8888.142128,7167.064008
WYT69,8255.613344,3914.653454,5067.332979,3672.804842,6878.821474,10880.73175
WYT71,17534.79225,6863.826931,7067.789166,4774.244306,7454.880374,3967.581932
WYT72,14454.01574,5067.332979,2449.210834,3451.152484,8602.217309,8602.217309
WYT73,33543.73148,5657.886392,4103.915537,5212.074645,6590.133557,6590.133557
WYT74,14116.82546,5067.332979,5067.332979,3893.965628,8315.942193,5139.20007
WYT75,24275.85301,6660.682124,4294.367171,6734.534456,8029.303812,9173.728739
WYT76,7016.722931,3914.653454,5460.060625,5212.074645,5721.17706,7167.064008
WYT77,7016.722931,3539.86804,4294.367171,3672.804842,8888.142128,6878.821474
WYT78,78589.53523,5067.332979,4872.485151,9743.931799,3080.544881,7167.064008
WYT79,12447.57709,4294.367171,6256.918129,5648.553772,4261.554343,5139.20007
WYT80,8412.345192,4485.969635,2627.109787,2558.864999,6590.133557,7167.064008
WYT81,8569.473432,3170.387105,4294.367171,6950.923083,4847.315232,8029.303812
WYT82,6256.918129,5856.653297,6056.337933,2558.864999,8029.303812,5139.20007
WYT83,6256.918129,4678.686857,2987.771737,4334.928884,6590.133557,4554.781624
WYT84,33543.73148,9786.749463,8937.617946,19222.54076,4847.315232,6878.821474
WYT85,14116.82546,6458.372853,5657.886392,5648.553772,7167.064008,2484.035699
WYT86,1199907.21,15074.96015,7478.097603,23993.57224,5721.17706,8888.142128
WYT88,18055.84785,6256.918129,4872.485151,3451.152484,6878.821474,6590.133557
WYT89,41808.02684,3914.653454,5263.200747,7167.064008,4554.781624,11447.46578
WYT90,10000.63605,5657.886392,5263.200747,2558.864999,7167.064008,10880.73175
WYT91,16843.30779,7067.789166,4872.485151,8673.730867,4847.315232,2782.879752
WYT92,28673.89382,11514.72279,7891.47828,6300.979262,3080.544881,5721.17706
WYT93,52305.44074,13948.63677,8307.812915,7598.634315,5430.475662,2782.879752
WYT96,8255.613344,4678.686857,4678.686857,6950.923083,3672.804842,8029.303812
WYT97,18229.98941,5263.200747,5856.653297,9102.363163,4847.315232,8888.142128
WYT99,9201.84628,3539.86804,2987.771737,8673.730867,9173.728739,6590.133557
